Plant,Forecast,Capacity
E1,48.859207,100.000000
E2,33.577251,150.000000
E3,9.147649,50.000000
E4,94.920303,100.000000
E5,105.897484,150.000000
E6,256.672272,300.000000
E7,71.889763,100.000000
E8,124.192787,150.000000
E9,79.638351,100.000000
E10,168.747208,200.000000
E11,180.692963,200.000000
E12,279.272339,500.000000
E13,85.880280,100.000000
E14,22.492453,100.000000
E15,385.707916,400.000000
E16,75.118347,100.000000
E17,25.182938,100.000000
E18,6.026686,50.000000
E19,150.000000,150.000000
E20,142.918549,150.000000
E21,50.000000,50.000000
E22,10.439081,50.000000
E23,61.988770,100.000000
E24,138.398544,150.000000
W1,250.000000,250.000000
W2,100.000000,100.000000
W3,150.000000,150.000000
W4,150.000000,150.000000
W5,116.648476,200.000000
W6,56.085526,100.000000
W7,13.432249,100.000000
W8,11.075714,50.000000
W9,41.239357,150.000000
W10,41.592838,100.000000
W11,52.197250,150.000000
W12,200.000000,200.000000
W13,50.000000,50.000000
W14,81.536102,150.000000
W15,56.674660,200.000000
N1,73.260307,200.000000
N2,64.738632,400.000000
N3,81.738503,500.000000
N4,12.086864,100.000000
N5,24.738941,200.000000
N6,44.173573,150.000000
N7,99.129684,400.000000
N8,3.260844,50.000000
N9,76.086372,200.000000
N10,96.260132,250.000000
N11,16.434656,300.000000
N12,12.782511,250.000000
N13,71.564667,250.000000
N14,89.303658,250.000000
N15,34.086697,150.000000
N16,27.956306,100.000000
N17,22.347654,100.000000
N18,38.521442,100.000000
N19,19.347677,100.000000
N20,55.912613,150.000000
N21,58.869110,250.000000
N22,96.781868,350.000000
N23,131.085953,500.000000
N24,2.565198,50.000000
N25,12.347731,50.000000
N26,140.868484,400.000000
S1,115.417213,150.000000
S2,132.340851,150.000000
S3,218.220520,350.000000
S4,71.268555,100.000000
S5,19.761780,50.000000
S6,350.000000,350.000000
S7,73.370865,100.000000
S8,25.858501,50.000000
S9,6.517183,50.000000
S10,174.702545,200.000000
S11,167.554672,200.000000
S12,64.015556,100.000000
S13,13.244597,50.000000
S14,81.780136,150.000000
S15,189.208527,200.000000
S16,250.000000,250.000000
S17,234.828812,500.000000
S18,306.307587,400.000000
S19,46.776558,100.000000
S20,100.000000,100.000000
S21,181.535080,200.000000
S22,400.000000,400.000000
S23,14.190640,50.000000
S24,340.365112,500.000000
S25,442.222412,600.000000
S26,77.470383,100.000000
S27,61.808121,400.000000
S28,350.000000,350.000000
S29,450.000000,450.000000
S30,177.225327,300.000000
S31,152.838440,250.000000
S32,127.190186,150.000000
S33,190.890396,200.000000
S34,26.699427,50.000000
S35,302.733673,350.000000
